{
 "atlases": [
  "atlas0.png",
  "atlas1.png"
 ],
 "ppu": 100,
 "sprites": {
  "splashdown_10": {
   "X": 1184,
   "Y": 97,
   "W": 529,
   "H": 549,
   "PivotX": 0.107750475,
   "PivotY": 0.10382514,
   "ppu": 100,
   "border": [
    0,
    0,
    0,
    0
   ]
  },
  "splashdown_11": {
   "X": 1715,
   "Y": 97,
   "W": 530,
   "H": 549,
   "PivotX": 0.10754717,
   "PivotY": 0.10382514,
   "ppu": 100,
   "border": [
    0,
    0,
    0,
    0
   ]
  },
  "splashdown_12": {
   "X": 2264,
   "Y": 97,
   "W": 530,
   "H": 549,
   "PivotX": 0.10754717,
   "PivotY": 0.10382514,
   "ppu": 100,
   "border": [
    0,
    0,
    0,
    0
   ]
  },
  "splashdown_13": {
   "X": 2797,
   "Y": 97,
   "W": 530,
   "H": 549,
   "PivotX": 0.10754717,
   "PivotY": 0.10382514,
   "ppu": 100,
   "border": [
    0,
    0,
    0,
    0
   ]
  },
  "splashdown_14": {
   "X": 128,
   "Y": 748,
   "W": 339,
   "H": 526,
   "PivotX": 0.16814159,
   "PivotY": 0.10836502,
   "ppu": 100,
   "border": [
    0,
    0,
    0,
    0
   ]
  },
  "splashdown_15": {
   "X": 490,
   "Y": 722,
   "W": 315,
   "H": 550,
   "PivotX": 0.18095239,
   "PivotY": 0.10363636,
   "ppu": 100,
   "border": [
    0,
    0,
    0,
    0
   ]
  },
  "splashdown_16": {
   "X": 852,
   "Y": 732,
   "W": 457,
   "H": 547,
   "PivotX": 0.124726474,
   "PivotY": 0.10420475,
   "ppu": 100,
   "border": [
    0,
    0,
    0,
    0
   ]
  },
  "splashdown_17": {
   "X": 1324,
   "Y": 780,
   "W": 503,
   "H": 481,
   "PivotX": 0.11332008,
   "PivotY": 0.118503116,
   "ppu": 100,
   "border": [
    0,
    0,
    0,
    0
   ]
  },
  "splashdown_18": {
   "X": 1854,
   "Y": 746,
   "W": 339,
   "H": 514,
   "PivotX": 0.20357142,
   "PivotY": 0.098615915,
   "ppu": 100,
   "border": [
    0,
    0,
    0,
    0
   ]
  },
  "splashdown_19": {
   "X": 2229,
   "Y": 758,
   "W": 568,
   "H": 436,
   "PivotX": 0.100352116,
   "PivotY": 0.13073395,
   "ppu": 100,
   "border": [
    0,
    0,
    0,
    0
   ]
  },
  "splashdown_20": {
   "X": 2890,
   "Y": 708,
   "W": 360,
   "H": 528,
   "PivotX": 0.15833333,
   "PivotY": 0.10795455,
   "ppu": 100,
   "border": [
    0,
    0,
    0,
    0
   ]
  },
  "splashdown_21": {
   "X": 169,
   "Y": 1428,
   "W": 317,
   "H": 437,
   "PivotX": 0.17981073,
   "PivotY": 0.13043478,
   "ppu": 100,
   "border": [
    0,
    0,
    0,
    0
   ]
  },
  "splashdown_22": {
   "X": 555,
   "Y": 1407,
   "W": 308,
   "H": 452,
   "PivotX": 0.18506494,
   "PivotY": 0.12610619,
   "ppu": 100,
   "border": [
    0,
    0,
    0,
    0
   ]
  },
  "splashdown_23": {
   "X": 930,
   "Y": 1293,
   "W": 334,
   "H": 561,
   "PivotX": 0.17065868,
   "PivotY": 0.101604275,
   "ppu": 100,
   "border": [
    0,
    0,
    0,
    0
   ]
  },
  "splashdown_24": {
   "X": 1305,
   "Y": 1370,
   "W": 449,
   "H": 473,
   "PivotX": 0.12694877,
   "PivotY": 0.1205074,
   "ppu": 100,
   "border": [
    0,
    0,
    0,
    0
   ]
  },
  "splashdown_25": {
   "X": 1781,
   "Y": 1418,
   "W": 395,
   "H": 417,
   "PivotX": 0.1443038,
   "PivotY": 0.13669065,
   "ppu": 100,
   "border": [
    0,
    0,
    0,
    0
   ]
  },
  "splashdown_26": {
   "X": 2208,
   "Y": 1301,
   "W": 304,
   "H": 568,
   "PivotX": 0.1875,
   "PivotY": 0.100352116,
   "ppu": 100,
   "border": [
    0,
    0,
    0,
    0
   ]
  },
  "splashdown_27": {
   "X": 2568,
   "Y": 1300,
   "W": 296,
   "H": 572,
   "PivotX": 0.19256757,
   "PivotY": 0.09965035,
   "ppu": 100,
   "border": [
    0,
    0,
    0,
    0
   ]
  },
  "splashdown_28": {
   "X": 2928,
   "Y": 1353,
   "W": 320,
   "H": 501,
   "PivotX": 0.178125,
   "PivotY": 0.11377245,
   "ppu": 100,
   "border": [
    0,
    0,
    0,
    0
   ]
  },
  "splashdown_30": {
   "X": 192,
   "Y": 1964,
   "W": 266,
   "H": 536,
   "PivotX": 0.21428572,
   "PivotY": 0.106343284,
   "ppu": 100,
   "border": [
    0,
    0,
    0,
    0
   ]
  },
  "splashdown_31": {
   "X": 532,
   "Y": 1940,
   "W": 261,
   "H": 553,
   "PivotX": 0.21839081,
   "PivotY": 0.10307414,
   "ppu": 100,
   "border": [
    0,
    0,
    0,
    0
   ]
  },
  "splashdown_32": {
   "X": 891,
   "Y": 1909,
   "W": 254,
   "H": 584,
   "PivotX": 0.22440945,
   "PivotY": 0.09760274,
   "ppu": 100,
   "border": [
    0,
    0,
    0,
    0
   ]
  },
  "splashdown_33": {
   "X": 1232,
   "Y": 1961,
   "W": 305,
   "H": 531,
   "PivotX": 0.18688525,
   "PivotY": 0.107344635,
   "ppu": 100,
   "border": [
    0,
    0,
    0,
    0
   ]
  },
  "splashdown_34": {
   "X": 1602,
   "Y": 2039,
   "W": 337,
   "H": 461,
   "PivotX": 0.16913946,
   "PivotY": 0.123644255,
   "ppu": 100,
   "border": [
    0,
    0,
    0,
    0
   ]
  },
  "splashdown_35": {
   "X": 2017,
   "Y": 1941,
   "W": 291,
   "H": 547,
   "PivotX": 0.19587629,
   "PivotY": 0.10420475,
   "ppu": 100,
   "border": [
    0,
    0,
    0,
    0
   ]
  },
  "splashdown_36": {
   "X": 2377,
   "Y": 1913,
   "W": 367,
   "H": 620,
   "PivotX": 0.15531336,
   "PivotY": 0.091935486,
   "ppu": 100,
   "border": [
    0,
    0,
    0,
    0
   ]
  },
  "splashdown_37": {
   "X": 2803,
   "Y": 1937,
   "W": 399,
   "H": 589,
   "PivotX": 0.14285715,
   "PivotY": 0.09677419,
   "ppu": 100,
   "border": [
    0,
    0,
    0,
    0
   ]
  },
  "splashdown_38": {
   "X": 163,
   "Y": 2621,
   "W": 918,
   "H": 1386,
   "PivotX": 0.062091503,
   "PivotY": 0.04112554,
   "ppu": 100,
   "border": [
    0,
    0,
    0,
    0
   ]
  },
  "splashdown_39": {
   "X": 1189,
   "Y": 2620,
   "W": 918,
   "H": 1386,
   "PivotX": 0.062091503,
   "PivotY": 0.04112554,
   "ppu": 100,
   "border": [
    0,
    0,
    0,
    0
   ]
  },
  "splashdown_8": {
   "X": 94,
   "Y": 97,
   "W": 530,
   "H": 549,
   "PivotX": 0.10754717,
   "PivotY": 0.10382514,
   "ppu": 100,
   "border": [
    0,
    0,
    0,
    0
   ]
  },
  "splashdown_9": {
   "X": 653,
   "Y": 114,
   "W": 511,
   "H": 529,
   "PivotX": 0.11154599,
   "PivotY": 0.107750475,
   "ppu": 100,
   "border": [
    0,
    0,
    0,
    0
   ]
  },
  "splashdownbg_0": {
   "X": 167,
   "Y": 198,
   "W": 1945,
   "H": 757,
   "PivotX": 0.0050352467,
   "PivotY": 0.01321004,
   "atlas": 1,
   "ppu": 100,
   "border": [
    0,
    0,
    0,
    0
   ]
  },
  "splashdownbg_1": {
   "X": 2329,
   "Y": 1584,
   "W": 1592,
   "H": 1088,
   "PivotX": 0.006281407,
   "PivotY": 0.009191177,
   "atlas": 1,
   "ppu": 100,
   "border": [
    0,
    0,
    0,
    0
   ]
  },
  "splashdownbg_11": {
   "X": 167,
   "Y": 2096,
   "W": 1945,
   "H": 757,
   "PivotX": 0.0050352467,
   "PivotY": 0.01321004,
   "atlas": 1,
   "ppu": 100,
   "border": [
    0,
    0,
    0,
    0
   ]
  },
  "splashdownbg_2": {
   "X": 1621,
   "Y": 3582,
   "W": 204,
   "H": 205,
   "PivotX": 0.5,
   "PivotY": 0.5,
   "atlas": 1,
   "ppu": 100,
   "border": [
    0,
    0,
    0,
    0
   ]
  },
  "splashdownbg_24": {
   "X": 198,
   "Y": 3112,
   "W": 389,
   "H": 674,
   "PivotX": 0.025706941,
   "PivotY": 0.014836796,
   "atlas": 1,
   "ppu": 100,
   "border": [
    0,
    0,
    0,
    0
   ]
  },
  "splashdownbg_25": {
   "X": 779,
   "Y": 3434,
   "W": 245,
   "H": 352,
   "PivotX": 0.040816326,
   "PivotY": 0.028409092,
   "atlas": 1,
   "ppu": 100,
   "border": [
    0,
    0,
    0,
    0
   ]
  },
  "splashdownbg_26": {
   "X": 1215,
   "Y": 3512,
   "W": 277,
   "H": 276,
   "PivotX": 0.036101084,
   "PivotY": 0.036231883,
   "atlas": 1,
   "ppu": 100,
   "border": [
    0,
    0,
    0,
    0
   ]
  },
  "splashdownbg_3": {
   "X": 167,
   "Y": 1114,
   "W": 1945,
   "H": 757,
   "PivotX": 0.0050352467,
   "PivotY": 0.01321004,
   "atlas": 1,
   "ppu": 100,
   "border": [
    0,
    0,
    0,
    0
   ]
  },
  "splashdownbg_4": {
   "X": 2329,
   "Y": 232,
   "W": 1592,
   "H": 1088,
   "PivotX": 0.006281407,
   "PivotY": 0.009191177,
   "atlas": 1,
   "ppu": 100,
   "border": [
    0,
    0,
    0,
    0
   ]
  },
  "splashdownbg_5": {
   "X": 1972,
   "Y": 3112,
   "W": 389,
   "H": 674,
   "PivotX": 0.5,
   "PivotY": 0.5,