{
 "atlases": [
  "atlas0.png"
 ],
 "ppu": 100,
 "sprites": {
  "Background": {
   "X": 2079,
   "Y": 3435,
   "W": 1991,
   "H": 623,
   "PivotX": 0.5,
   "PivotY": 0.5,
   "ppu": 100,
   "border": [
    0,
    0,
    0,
    0
   ]
  },
  "ConductorIdle0": {
   "X": 0,
   "Y": 1144,
   "W": 350,
   "H": 473,
   "PivotX": 0.5,
   "PivotY": 0.5,
   "ppu": 100,
   "border": [
    0,
    0,
    0,
    0
   ]
  },
  "ConductorIdle1": {
   "X": 350,
   "Y": 1144,
   "W": 350,
   "H": 473,
   "PivotX": 0.5,
   "PivotY": 0.5,
   "ppu": 100,
   "border": [
    0,
    0,
    0,
    0
   ]
  },
  "Crouch": {
   "X": 1102,
   "Y": 1736,
   "W": 255,
   "H": 410,
   "PivotX": 0.5,
   "PivotY": 0.5,
   "ppu": 100,
   "border": [
    0,
    0,
    0,
    0
   ]
  },
  "GleeClubSheet (1)_13": {
   "X": 2630,
   "Y": 2247,
   "W": 571,
   "H": 496,
   "PivotX": 0.287566,
   "PivotY": 0.4789835,
   "ppu": 100,
   "border": [
    0,
    0,
    0,
    0
   ]
  },
  "GleeClubSheet (1)_14": {
   "X": 2227,
   "Y": 2262,
   "W": 355,
   "H": 470,
   "PivotX": 0.4354444,
   "PivotY": 0.50000024,
   "ppu": 100,
   "border": [
    0,
    0,
    0,
    0
   ]
  },
  "GleeClubSheet (1)_15": {
   "X": 1797,
   "Y": 2256,
   "W": 368,
   "H": 481,
   "PivotX": 0.44161722,
   "PivotY": 0.5089335,
   "ppu": 100,
   "border": [
    0,
    0,
    0,
    0
   ]
  },
  "GleeClubSheet (1)_16": {
   "X": 3345,
   "Y": 2264,
   "W": 347,
   "H": 494,
   "PivotX": 0.5181445,
   "PivotY": 0.5223035,
   "ppu": 100,
   "border": [
    0,
    0,
    0,
    0
   ]
  },
  "GleeClubSheet (1)_17": {
   "X": 1804,
   "Y": 1153,
   "W": 238,
   "H": 442,
   "PivotX": 0.4702805,
   "PivotY": 0.48666397,
   "ppu": 100,
   "border": [
    0,
    0,
    0,
    0
   ]
  },
  "GleeClubSheet (1)_18": {
   "X": 2143,
   "Y": 1120,
   "W": 307,
   "H": 481,
   "PivotX": 0.47396842,
   "PivotY": 0.5,
   "ppu": 100,
   "border": [
    0,
    0,
    0,
    0
   ]
  },
  "GleeClubSheet (1)_19": {
   "X": 2510,
   "Y": 1127,
   "W": 280,
   "H": 476,
   "PivotX": 0.4716797,
   "PivotY": 0.5102519,
   "ppu": 100,
   "border": [
    0,
    0,
    0,
    0
   ]
  },
  "GleeClubSheet (1)_20": {
   "X": 2858,
   "Y": 1147,
   "W": 426,
   "H": 437,
   "PivotX": 0.31242263,
   "PivotY": 0.46061626,
   "ppu": 100,
   "border": [
    0,
    0,
    0,
    0
   ]
  },
  "GleeClubSheet (1)_21": {
   "X": 3328,
   "Y": 1149,
   "W": 448,
   "H": 448,
   "PivotX": 0.3056014,
   "PivotY": 0.4786159,
   "ppu": 100,
   "border": [
    0,
    0,
    0,
    0
   ]
  },
  "Idle0": {
   "X": 37,
   "Y": 108,
   "W": 255,
   "H": 410,
   "PivotX": 0.5,
   "PivotY": 0.5,
   "ppu": 100,
   "border": [
    0,
    0,
    0,
    0
   ]
  },
  "Idle1": {
   "X": 395,
   "Y": 108,
   "W": 255,
   "H": 410,
   "PivotX": 0.5,
   "PivotY": 0.5,
   "ppu": 100,
   "border": [
    0,
    0,
    0,
    0
   ]
  },
  "Idle2": {
   "X": 1100,
   "Y": 2285,
   "W": 255,
   "H": 410,
   "PivotX": 0.5,
   "PivotY": 0.5,
   "ppu": 100,
   "border": [
    0,
    0,
    0,
    0
   ]
  },
  "Idle3": {
   "X": 1452,
   "Y": 2285,
   "W": 255,
   "H": 410,
   "PivotX": 0.5,
   "PivotY": 0.5,
   "ppu": 100,
   "border": [
    0,
    0,
    0,
    0
   ]
  },
  "MegaYell0": {
   "X": 757,
   "Y": 624,
   "W": 255,
   "H": 410,
   "PivotX": 0.52523386,
   "PivotY": 0.49476764,
   "ppu": 100,
   "border": [
    0,
    0,
    0,
    0
   ]
  },
  "MegaYell1": {
   "X": 1103,
   "Y": 624,
   "W": 255,
   "H": 410,
   "PivotX": 0.5218999,
   "PivotY": 0.46497774,
   "ppu": 100,
   "border": [
    0,
    0,
    0,
    0
   ]
  },
  "MegaYellIdle0": {
   "X": 44,
   "Y": 2230,
   "W": 255,
   "H": 430,
   "PivotX": 0.53295517,
   "PivotY": 0.43974125,
   "ppu": 100,
   "border": [
    0,
    0,
    0,
    0
   ]
  },
  "MegaYellIdle1": {
   "X": 401,
   "Y": 2212,
   "W": 260,
   "H": 457,
   "PivotX": 0.5538685,
   "PivotY": 0.44330087,
   "ppu": 100,
   "border": [
    0,
    0,
    0,
    0
   ]
  },
  "MegaYellIdle2": {
   "X": 746,
   "Y": 2211,
   "W": 285,
   "H": 473,
   "PivotX": 0.5196572,
   "PivotY": 0.46298584,
   "ppu": 100,
   "border": [
    0,
    0,
    0,
    0
   ]
  },
  "MissIdle0": {
   "X": 743,
   "Y": 2830,
   "W": 255,
   "H": 410,
   "PivotX": 0.5,
   "PivotY": 0.5,
   "ppu": 100,
   "border": [
    0,
    0,
    0,
    0
   ]
  },
  "MissIdle1": {
   "X": 1094,
   "Y": 2830,
   "W": 255,
   "H": 410,
   "PivotX": 0.5,
   "PivotY": 0.5,
   "ppu": 100,
   "border": [
    0,
    0,
    0,
    0
   ]
  },
  "PinkHeart0": {
   "X": 1810,
   "Y": 2050,
   "W": 125,
   "H": 102,
   "PivotX": 0.5,
   "PivotY": 0.5,
   "ppu": 100,
   "border": [
    0,
    0,
    0,
    0
   ]
  },
  "PinkHeart1": {
   "X": 2020,
   "Y": 2035,
   "W": 148,
   "H": 116,
   "PivotX": 0.5,
   "PivotY": 0.5,
   "ppu": 100,
   "border": [
    0,
    0,
    0,
    0
   ]
  },
  "WhiteHeart0": {
   "X": 1852,
   "Y": 1750,
   "W": 164,
   "H": 133,
   "PivotX": 0.5,
   "PivotY": 0.5,
   "ppu": 100,
   "border": [
    0,
    0,
    0,
    0
   ]
  },
  "WhiteHeart1": {
   "X": 2212,
   "Y": 1750,
   "W": 144,
   "H": 132,
   "PivotX": 0.5,
   "PivotY": 0.5,
   "ppu": 100,
   "border": [
    0,
    0,
    0,
    0
   ]
  },
  "WhiteHeart2": {
   "X": 2553,
   "Y": 1740,
   "W": 172,
   "H": 130,
   "PivotX": 0.5,
   "PivotY": 0.5,
   "ppu": 100,
   "border": [
    0,
    0,
    0,
    0
   ]
  },
  "WhiteHeart3": {
   "X": 2903,
   "Y": 1746,
   "W": 163,
   "H": 115,
   "PivotX": 0.5,
   "PivotY": 0.5,
   "ppu": 100,
   "border": [
    0,
    0,
    0,
    0
   ]
  },
  "Yell0": {
   "X": 1094,
   "Y": 1205,
   "W": 255,
   "H": 410,
   "PivotX": 0.5,
   "PivotY": 0.5,
   "ppu": 100,
   "border": [
    0,
    0,
    0,
    0
   ]
  },
  "Yell1": {
   "X": 38,
   "Y": 643,
   "W": 255,
   "H": 410,
   "PivotX": 0.5,
   "PivotY": 0.5,
   "ppu": 100,
   "border": [
    0,
    0,
    0,
    0
   ]
  },
  "Yell2": {
   "X": 404,
   "Y": 643,
   "W": 255,
   "H": 410,
   "PivotX": 0.5,
   "PivotY": 0.5,
   "ppu": 100,
   "border": [
    0,
    0,
    0,
    0
   ]
  },
  "YellIdle0": {
   "X": 47,
   "Y": 1736,
   "W": 255,
   "H": 410,
   "PivotX": 0.5,
   "PivotY": 0.5,
   "ppu": 100,
   "border": [
    0,
    0,
    0,
    0
   ]
  },
  "YellIdle1": {
   "X": 406,
   "Y": 1736,
   "W": 255,
   "H": 410,
   "PivotX": 0.5,
   "PivotY": 0.5,
   "ppu": 100,
   "border": [
    0,
    0,
    0,
    0
   ]
  },
  "YellIdle2": {
   "X": 753,
   "Y": 1736,
   "W": 255,
   "H": 410,
   "PivotX": 0.5,
   "PivotY": 0.5,
   "ppu": 100,
   "border": [
    0,
    0,
    0,
    0
   ]
  }
 }
}