{
 "atlases": [
  "atlas0.png",
  "atlas1.png"
 ],
 "ppu": 100,
 "sprites": {
  "Cannery_0": {
   "X": 129,
   "Y": 137,
   "W": 206,
   "H": 116,
   "PivotX": 0.5,
   "PivotY": 0,
   "ppu": 197,
   "border": [
    0,
    0,
    0,
    0
   ]
  },
  "Cannery_1": {
   "X": 378,
   "Y": 113,
   "W": 206,
   "H": 141,
   "PivotX": 0.5,
   "PivotY": 0,
   "ppu": 197,
   "border": [
    0,
    0,
    0,
    0
   ]
  },
  "Cannery_10": {
   "X": 2119,
   "Y": 1058,
   "W": 255,
   "H": 97,
   "PivotX": 0.5,
   "PivotY": 1,
   "ppu": 197,
   "border": [
    0,
    0,
    0,
    0
   ]
  },
  "Cannery_11": {
   "X": 2093,
   "Y": 1206,
   "W": 308,
   "H": 76,
   "PivotX": 0.5,
   "PivotY": 1,
   "ppu": 197,
   "border": [
    0,
    0,
    0,
    0
   ]
  },
  "Cannery_12": {
   "X": 1047,
   "Y": 1093,
   "W": 225,
   "H": 323,
   "PivotX": 0.5,
   "PivotY": 0.5,
   "ppu": 197,
   "border": [
    0,
    0,
    0,
    0
   ]
  },
  "Cannery_13": {
   "X": 1305,
   "Y": 1582,
   "W": 225,
   "H": 81,
   "PivotX": 0.016961263,
   "PivotY": 0.5,
   "ppu": 197,
   "border": [
    0,
    0,
    0,
    0
   ]
  },
  "Cannery_14": {
   "X": 1033,
   "Y": 1562,
   "W": 225,
   "H": 86,
   "PivotX": 0.0025580511,
   "PivotY": 0.27294567,
   "ppu": 197,
   "border": [
    0,
    0,
    0,
    0
   ]
  },
  "Cannery_15": {
   "X": 436,
   "Y": 1247,
   "W": 87,
   "H": 136,
   "PivotX": 0.5,
   "PivotY": 0.5,
   "ppu": 197,
   "border": [
    0,
    0,
    0,
    0
   ]
  },
  "Cannery_16": {
   "X": 659,
   "Y": 1210,
   "W": 225,
   "H": 323,
   "PivotX": 0.5,
   "PivotY": 0.5,
   "ppu": 197,
   "border": [
    0,
    0,
    0,
    0
   ]
  },
  "Cannery_17": {
   "X": 483,
   "Y": 1556,
   "W": 224,
   "H": 93,
   "PivotX": 0.5,
   "PivotY": 0.5,
   "ppu": 197,
   "border": [
    0,
    0,
    0,
    0
   ]
  },
  "Cannery_18": {
   "X": 122,
   "Y": 1408,
   "W": 251,
   "H": 167,
   "PivotX": 0.5,
   "PivotY": 0.5,
   "ppu": 197,
   "border": [
    0,
    0,
    0,
    0
   ]
  },
  "Cannery_19": {
   "X": 115,
   "Y": 1061,
   "W": 266,
   "H": 177,
   "PivotX": 0.5,
   "PivotY": 0.5,
   "ppu": 197,
   "border": [
    0,
    0,
    0,
    0
   ]
  },
  "Cannery_2": {
   "X": 610,
   "Y": 88,
   "W": 207,
   "H": 165,
   "PivotX": 0.5,
   "PivotY": 0,
   "ppu": 197,
   "border": [
    0,
    0,
    0,
    0
   ]
  },
  "Cannery_21": {
   "X": 208,
   "Y": 1730,
   "W": 2054,
   "H": 190,
   "PivotX": 0.5,
   "PivotY": 0.5,
   "ppu": 197,
   "border": [
    0,
    0,
    0,
    0
   ]
  },
  "Cannery_3": {
   "X": 1152,
   "Y": 124,
   "W": 554,
   "H": 226,
   "PivotX": 0.5,
   "PivotY": 0.5,
   "ppu": 197,
   "border": [
    0,
    0,
    0,
    0
   ]
  },
  "Cannery_4": {
   "X": 1784,
   "Y": 132,
   "W": 175,
   "H": 1459,
   "PivotX": 0.5,
   "PivotY": 0.5,
   "ppu": 197,
   "border": [
    0,
    0,
    0,
    0
   ]
  },
  "Cannery_5": {
   "X": 2172,
   "Y": 230,
   "W": 177,
   "H": 371,
   "PivotX": 0.5,
   "PivotY": 0.5,
   "ppu": 197,
   "border": [
    0,
    0,
    0,
    0
   ]
  },
  "Cannery_6": {
   "X": 114,
   "Y": 324,
   "W": 699,
   "H": 706,
   "PivotX": 0.5,
   "PivotY": 0.5,
   "ppu": 197,
   "border": [
    0,
    0,
    0,
    0
   ]
  },
  "Cannery_7": {
   "X": 2628,
   "Y": 187,
   "W": 720,
   "H": 630,
   "PivotX": 0.5,
   "PivotY": 0.5,
   "ppu": 197,
   "border": [
    0,
    0,
    0,
    0
   ]
  },
  "Cannery_8": {
   "X": 2157,
   "Y": 860,
   "W": 196,
   "H": 108,
   "PivotX": 0.5,
   "PivotY": 1,
   "ppu": 197,
   "border": [
    0,
    0,
    0,
    0
   ]
  },
  "Cannery_9": {
   "X": 963,
   "Y": 427,
   "W": 709,
   "H": 619,
   "PivotX": 0.5,
   "PivotY": 0.5,
   "ppu": 197,
   "border": [
    0,
    0,
    0,
    0
   ]
  },
  "canveyor1": {
   "X": 197,
   "Y": 51,
   "W": 3754,
   "H": 461,
   "PivotX": 0.5,
   "PivotY": 0.5,
   "atlas": 1,
   "ppu": 100,
   "border": [
    0,
    0,
    0,
    0
   ]
  },
  "canveyor2": {
   "X": 49,
   "Y": 656,
   "W": 4051,
   "H": 685,
   "PivotX": 0.5,
   "PivotY": 0.5,
   "atlas": 1,
   "ppu": 100,
   "border": [
    0,
    0,
    0,
    0
   ]
  }
 }
}