{
 "atlases": [
  "atlas0.png",
  "atlas1.png"
 ],
 "ppu": 100,
 "sprites": {
  "SOME01_128091f1_6_0": {
   "X": 6,
   "Y": 6,
   "W": 2323,
   "H": 1511,
   "PivotX": 0.5,
   "PivotY": 0.5,
   "ppu": 457.03442,
   "border": [
    0,
    0,
    0,
    0
   ]
  },
  "SOME01_128091f1_6_1": {
   "X": 6,
   "Y": 1530,
   "W": 2323,
   "H": 1257,
   "PivotX": 0.5,
   "PivotY": 0.5,
   "ppu": 457.03442,
   "border": [
    0,
    0,
    0,
    0
   ]
  },
  "SOME01_128091f1_6_10": {
   "X": 4932,
   "Y": 6,
   "W": 1562,
   "H": 1562,
   "PivotX": 0.5,
   "PivotY": 0.5,
   "ppu": 457.03442,
   "border": [
    0,
    0,
    0,
    0
   ]
  },
  "SOME01_128091f1_6_11": {
   "X": 4424,
   "Y": 3561,
   "W": 647,
   "H": 1155,
   "PivotX": 0.5,
   "PivotY": 0.5,
   "ppu": 457.03442,
   "border": [
    0,
    0,
    0,
    0
   ]
  },
  "SOME01_128091f1_6_12": {
   "X": 3663,
   "Y": 3561,
   "W": 749,
   "H": 1155,
   "PivotX": 0.5,
   "PivotY": 0.5,
   "ppu": 457.03442,
   "border": [
    0,
    0,
    0,
    0
   ]
  },
  "SOME01_128091f1_6_14": {
   "X": 4932,
   "Y": 2495,
   "W": 241,
   "H": 292,
   "PivotX": 0.5,
   "PivotY": 0.5,
   "ppu": 457.03442,
   "border": [
    0,
    0,
    0,
    0
   ]
  },
  "SOME01_128091f1_6_16": {
   "X": 5389,
   "Y": 2038,
   "W": 546,
   "H": 1511,
   "PivotX": 0.5,
   "PivotY": 0.5,
   "ppu": 457.03442,
   "border": [
    0,
    0,
    0,
    0
   ]
  },
  "SOME01_128091f1_6_2": {
   "X": 2342,
   "Y": 6,
   "W": 2577,
   "H": 1054,
   "PivotX": 0.5,
   "PivotY": 0.5,
   "ppu": 457.03442,
   "border": [
    0,
    0,
    0,
    0
   ]
  },
  "SOME01_128091f1_6_3": {
   "X": 2342,
   "Y": 1073,
   "W": 2577,
   "H": 1714,
   "PivotX": 0.5,
   "PivotY": 0.5,
   "ppu": 457.03442,
   "border": [
    0,
    0,
    0,
    0
   ]
  },
  "bg": {
   "X": 4983,
   "Y": 5383,
   "W": 142,
   "H": 1066,
   "PivotX": 0.5,
   "PivotY": 0.5,
   "ppu": 457.03442,
   "border": [
    0,
    0,
    0,
    0
   ]
  },
  "bottombun": {
   "X": 4018,
   "Y": 5897,
   "W": 292,
   "H": 292,
   "PivotX": 0.5,
   "PivotY": 0.5,
   "ppu": 457.03442,
   "border": [
    0,
    0,
    0,
    0
   ]
  },
  "bottombun_hit": {
   "X": 4018,
   "Y": 5637,
   "W": 292,
   "H": 248,
   "PivotX": 0.5,
   "PivotY": 0.5,
   "ppu": 457.03442,
   "border": [
    0,
    0,
    0,
    0
   ]
  },
  "burger": {
   "X": 4323,
   "Y": 5897,
   "W": 292,
   "H": 292,
   "PivotX": 0.5,
   "PivotY": 0.5,
   "ppu": 457.03442,
   "border": [
    0,
    0,
    0,
    0
   ]
  },
  "burger_hit": {
   "X": 4323,
   "Y": 5592,
   "W": 292,
   "H": 292,
   "PivotX": 0.5,
   "PivotY": 0.5,
   "ppu": 457.03442,
   "border": [
    0,
    0,
    0,
    0
   ]
  },
  "eat_fingers": {
   "X": 4939,
   "Y": 1587,
   "W": 990,
   "H": 432,
   "PivotX": 0.5,
   "PivotY": 0.5,
   "ppu": 457.03442,
   "border": [
    0,
    0,
    0,
    0
   ]
  },
  "fast_1": {
   "X": 5186,
   "Y": 6202,
   "W": 647,
   "H": 292,
   "PivotX": 0.5,
   "PivotY": 0.5,
   "ppu": 457.03442,
   "border": [
    0,
    0,
    0,
    0
   ]
  },
  "fast_2": {
   "X": 5846,
   "Y": 6202,
   "W": 647,
   "H": 292,
   "PivotX": 0.5,
   "PivotY": 0.5,
   "ppu": 457.03442,
   "border": [
    0,
    0,
    0,
    0
   ]
  },
  "fast_green1": {
   "X": 3612,
   "Y": 6202,
   "W": 647,
   "H": 292,
   "PivotX": 0.5,
   "PivotY": 0.5,
   "ppu": 457.03442,
   "border": [
    0,
    0,
    0,
    0
   ]
  },
  "fast_green2": {
   "X": 4272,
   "Y": 6202,
   "W": 647,
   "H": 292,
   "PivotX": 0.5,
   "PivotY": 0.5,
   "ppu": 457.03442,
   "border": [
    0,
    0,
    0,
    0
   ]
  },
  "fork": {
   "X": 5948,
   "Y": 1581,
   "W": 546,
   "H": 1968,
   "PivotX": 0.5,
   "PivotY": 0.5,
   "ppu": 457.03442,
   "border": [
    0,
    0,
    0,
    0
   ]
  },
  "fork_swipe_1": {
   "X": 5186,
   "Y": 4729,
   "W": 1308,
   "H": 1460,
   "PivotX": 0.5,
   "PivotY": 0.5,
   "ppu": 457.03442,
   "border": [
    0,
    0,
    0,
    0
   ]
  },
  "fork_swipe_2": {
   "X": 4577,
   "Y": 4729,
   "W": 597,
   "H": 597,
   "PivotX": 0.5,
   "PivotY": 0.5,
   "ppu": 457.03442,
   "border": [
    0,
    0,
    0,
    0
   ]
  },
  "forkstab_effect": {
   "X": 4932,
   "Y": 2799,
   "W": 444,
   "H": 444,
   "PivotX": 0.5,
   "PivotY": 0.5,
   "ppu": 457.03442,
   "border": [
    0,
    0,
    0,
    0
   ]
  },
  "gamegradient": {
   "X": 193,
   "Y": 4940,
   "W": 128,
   "H": 500,
   "PivotX": 0.5,
   "PivotY": 0.5,
   "ppu": 457.03442,
   "border": [
    0,
    0,
    0,
    0
   ]
  },
  "gamegradient_white": {
   "X": 730,
   "Y": 3368,
   "W": 284,
   "H": 1170,
   "PivotX": 0.5,
   "PivotY": 0.5,
   "ppu": 457.03442,
   "border": [
    0,
    0,
    0,
    0
   ]
  },
  "hand_shadow1": {
   "X": 5085,
   "Y": 3561,
   "W": 749,
   "H": 1155,
   "PivotX": 0.5,
   "PivotY": 0.5,
   "ppu": 457.03442,
   "border": [
    0,
    0,
    0,
    0
   ]
  },
  "hand_shadow2": {
   "X": 5846,
   "Y": 3561,
   "W": 647,
   "H": 1155,
   "PivotX": 0.5,
   "PivotY": 0.5,
   "ppu": 457.03442,
   "border": [
    0,
    0,
    0,
    0
   ]
  },
  "hitfx_1": {
   "X": 4983,
   "Y": 3256,
   "W": 394,
   "H": 292,
   "PivotX": 0.5,
   "PivotY": 0.5,
   "ppu": 457.03442,
   "border": [
    0,
    0,
    0,
    0
   ]
  },
  "hitfx_2": {
   "X": 4627,
   "Y": 3256,
   "W": 343,
   "H": 292,
   "PivotX": 0.5,
   "PivotY": 0.5,
   "ppu": 457.03442,
   "border": [
    0,
    0,
    0,
    0
   ]
  },
  "megamixfloor": {
   "X": 0,
   "Y": 0,
   "W": 4096,
   "H": 2048,
   "PivotX": 0.5,
   "PivotY": 0.5,
   "atlas": 1,
   "ppu": 100,
   "border": [
    0,
    0,
    0,
    0
   ]
  },
  "pea_1": {
   "X": 4932,
   "Y": 2038,
   "W": 444,
   "H": 444,
   "PivotX": 0.5,
   "PivotY": 0.5,
   "ppu": 457.03442,
   "border": [
    0,
    0,
    0,
    0
   ]
  },
  "pea_2": {
   "X": 4627,
   "Y": 2952,
   "W": 292,
   "H": 292,
   "PivotX": 0.5,
   "PivotY": 0.5,
   "ppu": 457.03442,
   "border": [
    0,
    0,
    0,
    0
   ]
  },
  "remixgradient": {
   "X": 28,
   "Y": 4941,
   "W": 128,
   "H": 1532,
   "PivotX": 0.5,
   "PivotY": 0.5,
   "ppu": 457.03442,
   "border": [
    0,
    0,
    0,
    0
   ]
  },
  "remixgradient_white": {
   "X": 400,
   "Y": 3368,
   "W": 284,
   "H": 3132,
   "PivotX": 0.5,
   "PivotY": 0.5,
   "ppu": 457.03442,
   "border": [
    0,
    0,
    0,
    0
   ]
  },
  "shadow": {
   "X": 1682,
   "Y": 2799,
   "W": 2730,
   "H": 749,
   "PivotX": 0.5,
   "PivotY": 0.5,
   "ppu": 457.03442,
   "border": [
    0,
    0,
    0,
    0
   ]
  },
  "thumb_1": {
   "X": 6,
   "Y": 2799,
   "W": 546,
   "H": 444,
   "PivotX": 0.5,
   "PivotY": 0.5,
   "ppu": 457.03442,
   "border": [
    0,
    0,
    0,
    0
   ]
  },
  "thumb_2": {
   "X": 565,
   "Y": 2799,
   "W": 546,
   "H": 444,
   "PivotX": 0.5,
   "PivotY": 0.5,
   "ppu": 457.03442,
   "border": [
    0,
    0,
    0,
    0
   ]
  },
  "thumb_3": {
   "X": 1124,
   "Y": 2799,
   "W": 546,
   "H": 495,
   "PivotX": 0.5,
   "PivotY": 0.5,
   "ppu": 457.03442,
   "border": [
    0,
    0,
    0,
    0
   ]
  },
  "topbun": {
   "X": 4627,
   "Y": 5897,
   "W": 292,
   "H": 292,
   "PivotX": 0.5,
   "PivotY": 0.5,
   "ppu": 457.03442,
   "border": [
    0,
    0,
    0,
    0
   ]
  },
  "topbun_hit": {
   "X": 4627,
   "Y": 5592,
   "W": 292,
   "H": 292,
   "PivotX": 0.5,
   "PivotY": 0.5,
   "ppu": 457.03442,
   "border": [
    0,
    0,
    0,
    0
   ]
  },
  "viewcirclebg": {
   "X": 2471,
   "Y": 3565,
   "W": 1046,
   "H": 1105,
   "PivotX": 0.5,
   "PivotY": 0.5,
   "ppu": 457.03442,
   "border": [
    0,
    0,
    0,
    0
   ]
  }
 }
}